,Id,Province/State,Country/Region,Lat,Long,Date,ConfirmedCases,Fatalities,Country (or dependency),Population (2020),Yearly Change,Net Change,Density (P/Km²),Land Area (Km²),Migrants (net),Fert. Rate,Med. Age,Urban Pop %,World Share
0,1,,Afghanistan,33.0,65.0,2020-01-22,0.0,0.0,China,1439323776.0,0.39%,5540090.0,153.0,9388211.0,-348399.0,1.7,38,61%,18.47%
1,2,,Afghanistan,33.0,65.0,2020-01-23,0.0,0.0,India,1380004385.0,0.99%,13586631.0,464.0,2973190.0,-532687.0,2.2,28,35%,17.70%
2,3,,Afghanistan,33.0,65.0,2020-01-24,0.0,0.0,United States,331002651.0,0.59%,1937734.0,36.0,9147420.0,954806.0,1.8,38,83%,4.25%
3,4,,Afghanistan,33.0,65.0,2020-01-25,0.0,0.0,Indonesia,273523615.0,1.07%,2898047.0,151.0,1811570.0,-98955.0,2.3,30,56%,3.51%
4,5,,Afghanistan,33.0,65.0,2020-01-26,0.0,0.0,Pakistan,220892340.0,2.00%,4327022.0,287.0,770880.0,-233379.0,3.6,23,35%,2.83%
5,6,,Afghanistan,33.0,65.0,2020-01-27,0.0,0.0,Brazil,212559417.0,0.72%,1509890.0,25.0,8358140.0,21200.0,1.7,33,88%,2.73%
6,7,,Afghanistan,33.0,65.0,2020-01-28,0.0,0.0,Nigeria,206139589.0,2.58%,5175990.0,226.0,910770.0,-60000.0,5.4,18,52%,2.64%
7,8,,Afghanistan,33.0,65.0,2020-01-29,0.0,0.0,Bangladesh,164689383.0,1.01%,1643222.0,1265.0,130170.0,-369501.0,2.1,28,39%,2.11%
8,9,,Afghanistan,33.0,65.0,2020-01-30,0.0,0.0,Russia,145934462.0,0.04%,62206.0,9.0,16376870.0,182456.0,1.8,40,74%,1.87%
9,10,,Afghanistan,33.0,65.0,2020-01-31,0.0,0.0,Mexico,128932753.0,1.06%,1357224.0,66.0,1943950.0,-60000.0,2.1,29,84%,1.65%
10,11,,Afghanistan,33.0,65.0,2020-02-01,0.0,0.0,Japan,126476461.0,-0.30%,-383840.0,347.0,364555.0,71560.0,1.4,48,92%,1.62%
11,12,,Afghanistan,33.0,65.0,2020-02-02,0.0,0.0,Ethiopia,114963588.0,2.57%,2884858.0,115.0,1000000.0,30000.0,4.3,19,21%,1.47%
12,13,,Afghanistan,33.0,65.0,2020-02-03,0.0,0.0,Philippines,109581078.0,1.35%,1464463.0,368.0,298170.0,-67152.0,2.6,26,47%,1.41%
13,14,,Afghanistan,33.0,65.0,2020-02-04,0.0,0.0,Egypt,102334404.0,1.94%,1946331.0,103.0,995450.0,-38033.0,3.3,25,43%,1.31%
14,15,,Afghanistan,33.0,65.0,2020-02-05,0.0,0.0,Vietnam,97338579.0,0.91%,876473.0,314.0,310070.0,-80000.0,2.1,32,38%,1.25%
15,16,,Afghanistan,33.0,65.0,2020-02-06,0.0,0.0,DR Congo,89561403.0,3.19%,2770836.0,40.0,2267050.0,23861.0,6,17,46%,1.15%
16,17,,Afghanistan,33.0,65.0,2020-02-07,0.0,0.0,Turkey,84339067.0,1.09%,909452.0,110.0,769630.0,283922.0,2.1,32,76%,1.08%
17,18,,Afghanistan,33.0,65.0,2020-02-08,0.0,0.0,Iran,83992949.0,1.30%,1079043.0,52.0,1628550.0,-55000.0,2.2,32,76%,1.08%
18,19,,Afghanistan,33.0,65.0,2020-02-09,0.0,0.0,Germany,83783942.0,0.32%,266897.0,240.0,348560.0,543822.0,1.6,46,76%,1.07%
19,20,,Afghanistan,33.0,65.0,2020-02-10,0.0,0.0,Thailand,69799978.0,0.25%,174396.0,137.0,510890.0,19444.0,1.5,40,51%,0.90%
20,21,,Afghanistan,33.0,65.0,2020-02-11,0.0,0.0,United Kingdom,67886011.0,0.53%,355839.0,281.0,241930.0,260650.0,1.8,40,83%,0.87%
21,22,,Afghanistan,33.0,65.0,2020-02-12,0.0,0.0,France,65273511.0,0.22%,143783.0,119.0,547557.0,36527.0,1.9,42,82%,0.84%
22,23,,Afghanistan,33.0,65.0,2020-02-13,0.0,0.0,Italy,60461826.0,-0.15%,-88249.0,206.0,294140.0,148943.0,1.3,47,69%,0.78%
23,24,,Afghanistan,33.0,65.0,2020-02-14,0.0,0.0,Tanzania,59734218.0,2.98%,1728755.0,67.0,885800.0,-40076.0,4.9,18,37%,0.77%
24,25,,Afghanistan,33.0,65.0,2020-02-15,0.0,0.0,South Africa,59308690.0,1.28%,750420.0,49.0,1213090.0,145405.0,2.4,28,67%,0.76%
25,26,,Afghanistan,33.0,65.0,2020-02-16,0.0,0.0,Myanmar,54409800.0,0.67%,364380.0,83.0,653290.0,-163313.0,2.2,29,31%,0.70%
26,27,,Afghanistan,33.0,65.0,2020-02-17,0.0,0.0,Kenya,53771296.0,2.28%,1197323.0,94.0,569140.0,-10000.0,3.5,20,28%,0.69%
27,28,,Afghanistan,33.0,65.0,2020-02-18,0.0,0.0,South Korea,51269185.0,0.09%,43877.0,527.0,97230.0,11731.0,1.1,44,82%,0.66%
28,29,,Afghanistan,33.0,65.0,2020-02-19,0.0,0.0,Colombia,50882891.0,1.08%,543448.0,46.0,1109500.0,204796.0,1.8,31,80%,0.65%
29,30,,Afghanistan,33.0,65.0,2020-02-20,0.0,0.0,Spain,46754778.0,0.04%,18002.0,94.0,498800.0,40000.0,1.3,45,80%,0.60%
30,31,,Afghanistan,33.0,65.0,2020-02-21,0.0,0.0,Uganda,45741007.0,3.32%,1471413.0,229.0,199810.0,168694.0,5,17,26%,0.59%
31,32,,Afghanistan,33.0,65.0,2020-02-22,0.0,0.0,Argentina,45195774.0,0.93%,415097.0,17.0,2736690.0,4800.0,2.3,32,93%,0.58%
32,33,,Afghanistan,33.0,65.0,2020-02-23,0.0,0.0,Algeria,43851044.0,1.85%,797990.0,18.0,2381740.0,-10000.0,3.1,29,73%,0.56%
33,34,,Afghanistan,33.0,65.0,2020-02-24,1.0,0.0,Sudan,43849260.0,2.42%,1036022.0,25.0,1765048.0,-50000.0,4.4,20,35%,0.56%
34,35,,Afghanistan,33.0,65.0,2020-02-25,1.0,0.0,Ukraine,43733762.0,-0.59%,-259876.0,75.0,579320.0,10000.0,1.4,41,69%,0.56%
35,36,,Afghanistan,33.0,65.0,2020-02-26,1.0,0.0,Iraq,40222493.0,2.32%,912710.0,93.0,434320.0,7834.0,3.7,21,73%,0.52%
36,37,,Afghanistan,33.0,65.0,2020-02-27,1.0,0.0,Afghanistan,38928346.0,2.33%,886592.0,60.0,652860.0,-62920.0,4.6,18,25%,0.50%
37,38,,Afghanistan,33.0,65.0,2020-02-28,1.0,0.0,Poland,37846611.0,-0.11%,-41157.0,124.0,306230.0,-29395.0,1.4,42,60%,0.49%
38,39,,Afghanistan,33.0,65.0,2020-02-29,1.0,0.0,Canada,37742154.0,0.89%,331107.0,4.0,9093510.0,242032.0,1.5,41,81%,0.48%
39,40,,Afghanistan,33.0,65.0,2020-03-01,1.0,0.0,Morocco,36910560.0,1.20%,438791.0,83.0,446300.0,-51419.0,2.4,30,64%,0.47%
40,41,,Afghanistan,33.0,65.0,2020-03-02,1.0,0.0,Saudi Arabia,34813871.0,1.59%,545343.0,16.0,2149690.0,134979.0,2.3,32,84%,0.45%
41,42,,Afghanistan,33.0,65.0,2020-03-03,1.0,0.0,Uzbekistan,33469203.0,1.48%,487487.0,79.0,425400.0,-8863.0,2.4,28,50%,0.43%
42,43,,Afghanistan,33.0,65.0,2020-03-04,1.0,0.0,Peru,32971854.0,1.42%,461401.0,26.0,1280000.0,99069.0,2.3,31,79%,0.42%
43,44,,Afghanistan,33.0,65.0,2020-03-05,1.0,0.0,Angola,32866272.0,3.27%,1040977.0,26.0,1246700.0,6413.0,5.6,17,67%,0.42%
44,45,,Afghanistan,33.0,65.0,2020-03-06,1.0,0.0,Malaysia,32365999.0,1.30%,416222.0,99.0,328550.0,50000.0,2,30,78%,0.42%
45,46,,Afghanistan,33.0,65.0,2020-03-07,1.0,0.0,Mozambique,31255435.0,2.93%,889399.0,40.0,786380.0,-5000.0,4.9,18,38%,0.40%
46,47,,Afghanistan,33.0,65.0,2020-03-08,4.0,0.0,Ghana,31072940.0,2.15%,655084.0,137.0,227540.0,-10000.0,3.9,22,57%,0.40%
47,48,,Afghanistan,33.0,65.0,2020-03-09,4.0,0.0,Yemen,29825964.0,2.28%,664042.0,56.0,527970.0,-30000.0,3.8,20,38%,0.38%
48,49,,Afghanistan,33.0,65.0,2020-03-10,5.0,0.0,Nepal,29136808.0,1.85%,528098.0,203.0,143350.0,41710.0,1.9,25,21%,0.37%
49,50,,Afghanistan,33.0,65.0,2020-03-11,7.0,0.0,Venezuela,28435940.0,-0.28%,-79889.0,32.0,882050.0,-653249.0,2.3,30,N.A.,0.36%
50,51,,Afghanistan,33.0,65.0,2020-03-12,7.0,0.0,Madagascar,27691018.0,2.68%,721711.0,48.0,581795.0,-1500.0,4.1,20,39%,0.36%
51,52,,Afghanistan,33.0,65.0,2020-03-13,7.0,0.0,Cameroon,26545863.0,2.59%,669483.0,56.0,472710.0,-4800.0,4.6,19,56%,0.34%
52,53,,Afghanistan,33.0,65.0,2020-03-14,11.0,0.0,Côte d'Ivoire,26378274.0,2.57%,661730.0,83.0,318000.0,-8000.0,4.7,19,51%,0.34%
53,54,,Afghanistan,33.0,65.0,2020-03-15,16.0,0.0,North Korea,25778816.0,0.44%,112655.0,214.0,120410.0,-5403.0,1.9,35,63%,0.33%
54,55,,Afghanistan,33.0,65.0,2020-03-16,21.0,0.0,Australia,25499884.0,1.18%,296686.0,3.0,7682300.0,158246.0,1.8,38,86%,0.33%
55,56,,Afghanistan,33.0,65.0,2020-03-17,22.0,0.0,Niger,24206644.0,3.84%,895929.0,19.0,1266700.0,4000.0,7,15,17%,0.31%
56,57,,Afghanistan,33.0,65.0,2020-03-18,22.0,0.0,Taiwan,23816775.0,0.18%,42899.0,673.0,35410.0,30001.0,1.2,42,79%,0.31%
57,58,,Afghanistan,33.0,65.0,2020-03-19,22.0,0.0,Sri Lanka,21413249.0,0.42%,89516.0,341.0,62710.0,-97986.0,2.2,34,18%,0.27%
58,59,,Afghanistan,33.0,65.0,2020-03-20,24.0,0.0,Burkina Faso,20903273.0,2.86%,581895.0,76.0,273600.0,-25000.0,5.2,18,31%,0.27%
59,60,,Afghanistan,33.0,65.0,2020-03-21,24.0,0.0,Mali,20250833.0,3.02%,592802.0,17.0,1220190.0,-40000.0,5.9,16,44%,0.26%
60,94,,Albania,41.1533,20.1683,2020-01-22,0.0,0.0,Romania,19237691.0,-0.66%,-126866.0,84.0,230170.0,-73999.0,1.6,43,55%,0.25%
61,95,,Albania,41.1533,20.1683,2020-01-23,0.0,0.0,Malawi,19129952.0,2.69%,501205.0,203.0,94280.0,-16053.0,4.3,18,18%,0.25%
62,96,,Albania,41.1533,20.1683,2020-01-24,0.0,0.0,Chile,19116201.0,0.87%,164163.0,26.0,743532.0,111708.0,1.7,35,85%,0.25%
63,97,,Albania,41.1533,20.1683,2020-01-25,0.0,0.0,Kazakhstan,18776707.0,1.21%,225280.0,7.0,2699700.0,-18000.0,2.8,31,58%,0.24%
64,98,,Albania,41.1533,20.1683,2020-01-26,0.0,0.0,Zambia,18383955.0,2.93%,522925.0,25.0,743390.0,-8000.0,4.7,18,45%,0.24%
65,99,,Albania,41.1533,20.1683,2020-01-27,0.0,0.0,Guatemala,17915568.0,1.90%,334096.0,167.0,107160.0,-9215.0,2.9,23,52%,0.23%
66,100,,Albania,41.1533,20.1683,2020-01-28,0.0,0.0,Ecuador,17643054.0,1.55%,269392.0,71.0,248360.0,36400.0,2.4,28,63%,0.23%
67,101,,Albania,41.1533,20.1683,2020-01-29,0.0,0.0,Syria,17500658.0,2.52%,430523.0,95.0,183630.0,-427391.0,2.8,26,60%,0.22%
68,102,,Albania,41.1533,20.1683,2020-01-30,0.0,0.0,Netherlands,17134872.0,0.22%,37742.0,508.0,33720.0,16000.0,1.7,43,92%,0.22%
69,103,,Albania,41.1533,20.1683,2020-01-31,0.0,0.0,Senegal,16743927.0,2.75%,447563.0,87.0,192530.0,-20000.0,4.7,19,49%,0.21%
70,104,,Albania,41.1533,20.1683,2020-02-01,0.0,0.0,Cambodia,16718965.0,1.41%,232423.0,95.0,176520.0,-30000.0,2.5,26,24%,0.21%
71,105,,Albania,41.1533,20.1683,2020-02-02,0.0,0.0,Chad,16425864.0,3.00%,478988.0,13.0,1259200.0,2000.0,5.8,17,23%,0.21%
72,106,,Albania,41.1533,20.1683,2020-02-03,0.0,0.0,Somalia,15893222.0,2.92%,450317.0,25.0,627340.0,-40000.0,6.1,17,47%,0.20%
73,107,,Albania,41.1533,20.1683,2020-02-04,0.0,0.0,Zimbabwe,14862924.0,1.48%,217456.0,38.0,386850.0,-116858.0,3.6,19,38%,0.19%
74,108,,Albania,41.1533,20.1683,2020-02-05,0.0,0.0,Guinea,13132795.0,2.83%,361549.0,53.0,245720.0,-4000.0,4.7,18,39%,0.17%
75,109,,Albania,41.1533,20.1683,2020-02-06,0.0,0.0,Rwanda,12952218.0,2.58%,325268.0,525.0,24670.0,-9000.0,4.1,20,18%,0.17%
76,110,,Albania,41.1533,20.1683,2020-02-07,0.0,0.0,Benin,12123200.0,2.73%,322049.0,108.0,112760.0,-2000.0,4.9,19,48%,0.16%
77,111,,Albania,41.1533,20.1683,2020-02-08,0.0,0.0,Burundi,11890784.0,3.12%,360204.0,463.0,25680.0,2001.0,5.5,17,14%,0.15%
78,112,,Albania,41.1533,20.1683,2020-02-09,0.0,0.0,Tunisia,11818619.0,1.06%,123900.0,76.0,155360.0,-4000.0,2.2,33,70%,0.15%
79,113,,Albania,41.1533,20.1683,2020-02-10,0.0,0.0,Bolivia,11673021.0,1.39%,159921.0,11.0,1083300.0,-9504.0,2.8,26,69%,0.15%
80,114,,Albania,41.1533,20.1683,2020-02-11,0.0,0.0,Belgium,11589623.0,0.44%,50295.0,383.0,30280.0,48000.0,1.7,42,98%,0.15%
81,115,,Albania,41.1533,20.1683,2020-02-12,0.0,0.0,Haiti,11402528.0,1.24%,139451.0,414.0,27560.0,-35000.0,3,24,57%,0.15%
82,116,,Albania,41.1533,20.1683,2020-02-13,0.0,0.0,Cuba,11326616.0,-0.06%,-6867.0,106.0,106440.0,-14400.0,1.6,42,78%,0.15%
83,117,,Albania,41.1533,20.1683,2020-02-14,0.0,0.0,South Sudan,11193725.0,1.19%,131612.0,18.0,610952.0,-174200.0,4.7,19,25%,0.14%
84,118,,Albania,41.1533,20.1683,2020-02-15,0.0,0.0,Dominican Republic,10847910.0,1.01%,108952.0,225.0,48320.0,-30000.0,2.4,28,85%,0.14%
85,119,,Albania,41.1533,20.1683,2020-02-16,0.0,0.0,Czech Republic (Czechia),10708981.0,0.18%,19772.0,139.0,77240.0,22011.0,1.6,43,74%,0.14%
86,120,,Albania,41.1533,20.1683,2020-02-17,0.0,0.0,Greece,10423054.0,-0.48%,-50401.0,81.0,128900.0,-16000.0,1.3,46,85%,0.13%
87,121,,Albania,41.1533,20.1683,2020-02-18,0.0,0.0,Jordan,10203134.0,1.00%,101440.0,115.0,88780.0,10220.0,2.8,24,91%,0.13%
88,122,,Albania,41.1533,20.1683,2020-02-19,0.0,0.0,Portugal,10196709.0,-0.29%,-29478.0,111.0,91590.0,-6000.0,1.3,46,66%,0.13%
89,123,,Albania,41.1533,20.1683,2020-02-20,0.0,0.0,Azerbaijan,10139177.0,0.91%,91459.0,123.0,82658.0,1200.0,2.1,32,56%,0.13%
90,124,,Albania,41.1533,20.1683,2020-02-21,0.0,0.0,Sweden,10099265.0,0.63%,62886.0,25.0,410340.0,40000.0,1.9,41,88%,0.13%
91,125,,Albania,41.1533,20.1683,2020-02-22,0.0,0.0,Honduras,9904607.0,1.63%,158490.0,89.0,111890.0,-6800.0,2.5,24,57%,0.13%
92,126,,Albania,41.1533,20.1683,2020-02-23,0.0,0.0,United Arab Emirates,9890402.0,1.23%,119873.0,118.0,83600.0,40000.0,1.4,33,86%,0.13%
93,127,,Albania,41.1533,20.1683,2020-02-24,0.0,0.0,Hungary,9660351.0,-0.25%,-24328.0,107.0,90530.0,6000.0,1.5,43,72%,0.12%
94,128,,Albania,41.1533,20.1683,2020-02-25,0.0,0.0,Tajikistan,9537645.0,2.32%,216627.0,68.0,139960.0,-20000.0,3.6,22,27%,0.12%
95,129,,Albania,41.1533,20.1683,2020-02-26,0.0,0.0,Belarus,9449323.0,-0.03%,-3088.0,47.0,202910.0,8730.0,1.7,40,79%,0.12%
96,130,,Albania,41.1533,20.1683,2020-02-27,0.0,0.0,Austria,9006398.0,0.57%,51296.0,109.0,82409.0,65000.0,1.5,43,57%,0.12%
97,131,,Albania,41.1533,20.1683,2020-02-28,0.0,0.0,Papua New Guinea,8947024.0,1.95%,170915.0,20.0,452860.0,-800.0,3.6,22,13%,0.11%
98,132,,Albania,41.1533,20.1683,2020-02-29,0.0,0.0,Serbia,8737371.0,-0.40%,-34864.0,100.0,87460.0,4000.0,1.5,42,56%,0.11%
99,133,,Albania,41.1533,20.1683,2020-03-01,0.0,0.0,Israel,8655535.0,1.60%,136158.0,400.0,21640.0,10000.0,3,30,93%,0.11%
100,134,,Albania,41.1533,20.1683,2020-03-02,0.0,0.0,Switzerland,8654622.0,0.74%,63257.0,219.0,39516.0,52000.0,1.5,43,74%,0.11%
101,135,,Albania,41.1533,20.1683,2020-03-03,0.0,0.0,Togo,8278724.0,2.43%,196358.0,152.0,54390.0,-2000.0,4.4,19,43%,0.11%
102,136,,Albania,41.1533,20.1683,2020-03-04,0.0,0.0,Sierra Leone,7976983.0,2.10%,163768.0,111.0,72180.0,-4200.0,4.3,19,43%,0.10%
103,137,,Albania,41.1533,20.1683,2020-03-05,0.0,0.0,Hong Kong,7496981.0,0.82%,60827.0,7140.0,1050.0,29308.0,1.3,45,N.A.,0.10%
104,138,,Albania,41.1533,20.1683,2020-03-06,0.0,0.0,Laos,7275560.0,1.48%,106105.0,32.0,230800.0,-14704.0,2.7,24,36%,0.09%
105,139,,Albania,41.1533,20.1683,2020-03-07,0.0,0.0,Paraguay,7132538.0,1.25%,87902.0,18.0,397300.0,-16556.0,2.4,26,62%,0.09%
106,140,,Albania,41.1533,20.1683,2020-03-08,0.0,0.0,Bulgaria,6948445.0,-0.74%,-51674.0,64.0,108560.0,-4800.0,1.6,45,76%,0.09%
107,141,,Albania,41.1533,20.1683,2020-03-09,2.0,0.0,Libya,6871292.0,1.38%,93840.0,4.0,1759540.0,-1999.0,2.3,29,78%,0.09%
108,142,,Albania,41.1533,20.1683,2020-03-10,10.0,0.0,Lebanon,6825445.0,-0.44%,-30268.0,667.0,10230.0,-30012.0,2.1,30,78%,0.09%
109,143,,Albania,41.1533,20.1683,2020-03-11,12.0,1.0,Nicaragua,6624554.0,1.21%,79052.0,55.0,120340.0,-21272.0,2.4,26,57%,0.08%
110,144,,Albania,41.1533,20.1683,2020-03-12,23.0,1.0,Kyrgyzstan,6524195.0,1.69%,108345.0,34.0,191800.0,-4000.0,3,26,36%,0.08%
111,145,,Albania,41.1533,20.1683,2020-03-13,33.0,1.0,El Salvador,6486205.0,0.51%,32652.0,313.0,20720.0,-40539.0,2.1,28,73%,0.08%
112,146,,Albania,41.1533,20.1683,2020-03-14,38.0,1.0,Turkmenistan,6031200.0,1.50%,89111.0,13.0,469930.0,-5000.0,2.8,27,53%,0.08%
113,147,,Albania,41.1533,20.1683,2020-03-15,42.0,1.0,Singapore,5850342.0,0.79%,46005.0,8358.0,700.0,27028.0,1.2,42,N.A.,0.08%
114,148,,Albania,41.1533,20.1683,2020-03-16,51.0,1.0,Denmark,5792202.0,0.35%,20326.0,137.0,42430.0,15200.0,1.8,42,88%,0.07%
115,149,,Albania,41.1533,20.1683,2020-03-17,55.0,1.0,Finland,5540720.0,0.15%,8564.0,18.0,303890.0,14000.0,1.5,43,86%,0.07%
116,150,,Albania,41.1533,20.1683,2020-03-18,59.0,2.0,Congo,5518087.0,2.56%,137579.0,16.0,341500.0,-4000.0,4.5,19,70%,0.07%
117,151,,Albania,41.1533,20.1683,2020-03-19,64.0,2.0,Slovakia,5459642.0,0.05%,2629.0,114.0,48088.0,1485.0,1.5,41,54%,0.07%
118,152,,Albania,41.1533,20.1683,2020-03-20,70.0,2.0,Norway,5421241.0,0.79%,42384.0,15.0,365268.0,28000.0,1.7,40,83%,0.07%
119,153,,Albania,41.1533,20.1683,2020-03-21,76.0,2.0,Oman,5106626.0,2.65%,131640.0,16.0,309500.0,87400.0,2.9,31,87%,0.07%
120,187,,Algeria,28.0339,1.6596,2020-01-22,0.0,0.0,State of Palestine,5101414.0,2.41%,119994.0,847.0,6020.0,-10563.0,3.7,21,80%,0.07%
121,188,,Algeria,28.0339,1.6596,2020-01-23,0.0,0.0,Costa Rica,5094118.0,0.92%,46557.0,100.0,51060.0,4200.0,1.8,33,80%,0.07%
122,189,,Algeria,28.0339,1.6596,2020-01-24,0.0,0.0,Liberia,5057681.0,2.44%,120307.0,53.0,96320.0,-5000.0,4.4,19,53%,0.06%
123,190,,Algeria,28.0339,1.6596,2020-01-25,0.0,0.0,Ireland,4937786.0,1.13%,55291.0,72.0,68890.0,23604.0,1.8,38,63%,0.06%
124,191,,Algeria,28.0339,1.6596,2020-01-26,0.0,0.0,Central African Republic,4829767.0,1.78%,84582.0,8.0,622980.0,-40000.0,4.8,18,43%,0.06%
125,192,,Algeria,28.0339,1.6596,2020-01-27,0.0,0.0,New Zealand,4822233.0,0.82%,39170.0,18.0,263310.0,14881.0,1.9,38,87%,0.06%
126,193,,Algeria,28.0339,1.6596,2020-01-28,0.0,0.0,Mauritania,4649658.0,2.74%,123962.0,5.0,1030700.0,5000.0,4.6,20,57%,0.06%
127,194,,Algeria,28.0339,1.6596,2020-01-29,0.0,0.0,Panama,4314767.0,1.61%,68328.0,58.0,74340.0,11200.0,2.5,30,68%,0.06%
128,195,,Algeria,28.0339,1.6596,2020-01-30,0.0,0.0,Kuwait,4270571.0,1.51%,63488.0,240.0,17820.0,39520.0,2.1,37,N.A.,0.05%
129,196,,Algeria,28.0339,1.6596,2020-01-31,0.0,0.0,Croatia,4105267.0,-0.61%,-25037.0,73.0,55960.0,-8001.0,1.4,44,58%,0.05%
130,197,,Algeria,28.0339,1.6596,2020-02-01,0.0,0.0,Moldova,4033963.0,-0.23%,-9300.0,123.0,32850.0,-1387.0,1.3,38,43%,0.05%
131,198,,Algeria,28.0339,1.6596,2020-02-02,0.0,0.0,Georgia,3989167.0,-0.19%,-7598.0,57.0,69490.0,-10000.0,2.1,38,58%,0.05%
132,199,,Algeria,28.0339,1.6596,2020-02-03,0.0,0.0,Eritrea,3546421.0,1.41%,49304.0,35.0,101000.0,-39858.0,4.1,19,63%,0.05%
133,200,,Algeria,28.0339,1.6596,2020-02-04,0.0,0.0,Uruguay,3473730.0,0.35%,11996.0,20.0,175020.0,-3000.0,2,36,96%,0.04%
134,201,,Algeria,28.0339,1.6596,2020-02-05,0.0,0.0,Bosnia and Herzegovina,3280819.0,-0.61%,-20181.0,64.0,51000.0,-21585.0,1.3,43,52%,0.04%
135,202,,Algeria,28.0339,1.6596,2020-02-06,0.0,0.0,Mongolia,3278290.0,1.65%,53123.0,2.0,1553560.0,-852.0,2.9,28,67%,0.04%
136,203,,Algeria,28.0339,1.6596,2020-02-07,0.0,0.0,Armenia,2963243.0,0.19%,5512.0,104.0,28470.0,-4998.0,1.8,35,63%,0.04%
137,204,,Algeria,28.0339,1.6596,2020-02-08,0.0,0.0,Jamaica,2961167.0,0.44%,12888.0,273.0,10830.0,-11332.0,2,31,55%,0.04%
138,205,,Algeria,28.0339,1.6596,2020-02-09,0.0,0.0,Qatar,2881053.0,1.73%,48986.0,248.0,11610.0,40000.0,1.9,32,96%,0.04%
139,206,,Algeria,28.0339,1.6596,2020-02-10,0.0,0.0,Albania,2877797.0,-0.11%,-3120.0,105.0,27400.0,-14000.0,1.6,36,63%,0.04%
140,207,,Algeria,28.0339,1.6596,2020-02-11,0.0,0.0,Puerto Rico,2860853.0,-2.47%,-72555.0,323.0,8870.0,-97986.0,1.2,44,N.A.,0.04%
141,208,,Algeria,28.0339,1.6596,2020-02-12,0.0,0.0,Lithuania,2722289.0,-1.35%,-37338.0,43.0,62674.0,-32780.0,1.7,45,71%,0.03%
142,209,,Algeria,28.0339,1.6596,2020-02-13,0.0,0.0,Namibia,2540905.0,1.86%,46375.0,3.0,823290.0,-4806.0,3.4,22,55%,0.03%
143,210,,Algeria,28.0339,1.6596,2020-02-14,0.0,0.0,Gambia,2416668.0,2.94%,68962.0,239.0,10120.0,-3087.0,5.3,18,59%,0.03%
144,211,,Algeria,28.0339,1.6596,2020-02-15,0.0,0.0,Botswana,2351627.0,2.08%,47930.0,4.0,566730.0,3000.0,2.9,24,73%,0.03%
145,212,,Algeria,28.0339,1.6596,2020-02-16,0.0,0.0,Gabon,2225734.0,2.45%,53155.0,9.0,257670.0,3260.0,4,23,87%,0.03%
146,213,,Algeria,28.0339,1.6596,2020-02-17,0.0,0.0,Lesotho,2142249.0,0.80%,16981.0,71.0,30360.0,-10047.0,3.2,24,31%,0.03%
147,214,,Algeria,28.0339,1.6596,2020-02-18,0.0,0.0,North Macedonia,2083374.0,0.00%,-85.0,83.0,25220.0,-1000.0,1.5,39,59%,0.03%
148,215,,Algeria,28.0339,1.6596,2020-02-19,0.0,0.0,Slovenia,2078938.0,0.01%,284.0,103.0,20140.0,2000.0,1.6,45,55%,0.03%
149,216,,Algeria,28.0339,1.6596,2020-02-20,0.0,0.0,Guinea-Bissau,1968001.0,2.45%,47079.0,70.0,28120.0,-1399.0,4.5,19,45%,0.03%
150,217,,Algeria,28.0339,1.6596,2020-02-21,0.0,0.0,Latvia,1886198.0,-1.08%,-20545.0,30.0,62200.0,-14837.0,1.7,44,69%,0.02%
151,218,,Algeria,28.0339,1.6596,2020-02-22,0.0,0.0,Bahrain,1701575.0,3.68%,60403.0,2239.0,760.0,47800.0,2,32,89%,0.02%
152,219,,Algeria,28.0339,1.6596,2020-02-23,0.0,0.0,Equatorial Guinea,1402985.0,3.47%,46999.0,50.0,28050.0,16000.0,4.6,22,73%,0.02%
153,220,,Algeria,28.0339,1.6596,2020-02-24,0.0,0.0,Trinidad and Tobago,1399488.0,0.32%,4515.0,273.0,5130.0,-800.0,1.7,36,52%,0.02%
154,221,,Algeria,28.0339,1.6596,2020-02-25,1.0,0.0,Estonia,1326535.0,0.07%,887.0,31.0,42390.0,3911.0,1.6,42,68%,0.02%
155,222,,Algeria,28.0339,1.6596,2020-02-26,1.0,0.0,Timor-Leste,1318445.0,1.96%,25326.0,89.0,14870.0,-5385.0,4.1,21,33%,0.02%
156,223,,Algeria,28.0339,1.6596,2020-02-27,1.0,0.0,Mauritius,1271768.0,0.17%,2100.0,626.0,2030.0,0.0,1.4,37,41%,0.02%
157,224,,Algeria,28.0339,1.6596,2020-02-28,1.0,0.0,Cyprus,1207359.0,0.73%,8784.0,131.0,9240.0,5000.0,1.3,37,67%,0.02%
158,225,,Algeria,28.0339,1.6596,2020-02-29,1.0,0.0,Eswatini,1160164.0,1.05%,12034.0,67.0,17200.0,-8353.0,3,21,30%,0.01%
159,226,,Algeria,28.0339,1.6596,2020-03-01,1.0,0.0,Djibouti,988000.0,1.48%,14440.0,43.0,23180.0,900.0,2.8,27,79%,0.01%
160,227,,Algeria,28.0339,1.6596,2020-03-02,3.0,0.0,Fiji,896445.0,0.73%,6492.0,49.0,18270.0,-6202.0,2.8,28,59%,0.01%
161,228,,Algeria,28.0339,1.6596,2020-03-03,5.0,0.0,Réunion,895312.0,0.72%,6385.0,358.0,2500.0,-1256.0,2.3,36,100%,0.01%
162,229,,Algeria,28.0339,1.6596,2020-03-04,12.0,0.0,Comoros,869601.0,2.20%,18715.0,467.0,1861.0,-2000.0,4.2,20,29%,0.01%
163,230,,Algeria,28.0339,1.6596,2020-03-05,12.0,0.0,Guyana,786552.0,0.48%,3786.0,4.0,196850.0,-6000.0,2.5,27,27%,0.01%
164,231,,Algeria,28.0339,1.6596,2020-03-06,17.0,0.0,Bhutan,771608.0,1.12%,8516.0,20.0,38117.0,320.0,2,28,46%,0.01%
165,232,,Algeria,28.0339,1.6596,2020-03-07,17.0,0.0,Solomon Islands,686884.0,2.55%,17061.0,25.0,27990.0,-1600.0,4.4,20,23%,0.01%
166,233,,Algeria,28.0339,1.6596,2020-03-08,19.0,0.0,Macao,649335.0,1.39%,8890.0,21645.0,30.0,5000.0,1.2,39,N.A.,0.01%
167,234,,Algeria,28.0339,1.6596,2020-03-09,20.0,0.0,Montenegro,628066.0,0.01%,79.0,47.0,13450.0,-480.0,1.8,39,68%,0.01%
168,235,,Algeria,28.0339,1.6596,2020-03-10,20.0,0.0,Luxembourg,625978.0,1.66%,10249.0,242.0,2590.0,9741.0,1.5,40,88%,0.01%
169,236,,Algeria,28.0339,1.6596,2020-03-11,20.0,0.0,Western Sahara,597339.0,2.55%,14876.0,2.0,266000.0,5582.0,2.4,28,87%,0.01%
170,237,,Algeria,28.0339,1.6596,2020-03-12,24.0,1.0,Suriname,586632.0,0.90%,5260.0,4.0,156000.0,-1000.0,2.4,29,65%,0.01%
171,238,,Algeria,28.0339,1.6596,2020-03-13,26.0,2.0,Cabo Verde,555987.0,1.10%,6052.0,138.0,4030.0,-1342.0,2.3,28,68%,0.01%
172,239,,Algeria,28.0339,1.6596,2020-03-14,37.0,3.0,Maldives,540544.0,1.81%,9591.0,1802.0,300.0,11370.0,1.9,30,35%,0.01%
173,240,,Algeria,28.0339,1.6596,2020-03-15,48.0,4.0,Malta,441543.0,0.27%,1171.0,1380.0,320.0,900.0,1.5,43,93%,0.01%
174,241,,Algeria,28.0339,1.6596,2020-03-16,54.0,4.0,Brunei,437479.0,0.97%,4194.0,83.0,5270.0,0.0,1.8,32,80%,0.01%
175,242,,Algeria,28.0339,1.6596,2020-03-17,60.0,4.0,Guadeloupe,400124.0,0.02%,68.0,237.0,1690.0,-1440.0,2.2,44,N.A.,0.01%
176,243,,Algeria,28.0339,1.6596,2020-03-18,74.0,7.0,Belize,397628.0,1.86%,7275.0,17.0,22810.0,1200.0,2.3,25,46%,0.01%
177,244,,Algeria,28.0339,1.6596,2020-03-19,87.0,9.0,Bahamas,393244.0,0.97%,3762.0,39.0,10010.0,1000.0,1.8,32,86%,0.01%
178,245,,Algeria,28.0339,1.6596,2020-03-20,90.0,11.0,Martinique,375265.0,-0.08%,-289.0,354.0,1060.0,-960.0,1.9,47,92%,0.00%
179,246,,Algeria,28.0339,1.6596,2020-03-21,139.0,15.0,Iceland,341243.0,0.65%,2212.0,3.0,100250.0,380.0,1.8,37,94%,0.00%
180,280,,Andorra,42.5063,1.5218,2020-01-22,0.0,0.0,Vanuatu,307145.0,2.42%,7263.0,25.0,12190.0,120.0,3.8,21,24%,0.00%
181,281,,Andorra,42.5063,1.5218,2020-01-23,0.0,0.0,French Guiana,298682.0,2.70%,7850.0,4.0,82200.0,1200.0,3.4,25,87%,0.00%
182,282,,Andorra,42.5063,1.5218,2020-01-24,0.0,0.0,Barbados,287375.0,0.12%,350.0,668.0,430.0,-79.0,1.6,40,31%,0.00%
183,283,,Andorra,42.5063,1.5218,2020-01-25,0.0,0.0,New Caledonia,285498.0,0.97%,2748.0,16.0,18280.0,502.0,2,34,72%,0.00%
184,284,,Andorra,42.5063,1.5218,2020-01-26,0.0,0.0,French Polynesia,280908.0,0.58%,1621.0,77.0,3660.0,-1000.0,2,34,64%,0.00%
185,285,,Andorra,42.5063,1.5218,2020-01-27,0.0,0.0,Mayotte,272815.0,2.50%,6665.0,728.0,375.0,0.0,3.7,20,46%,0.00%
186,286,,Andorra,42.5063,1.5218,2020-01-28,0.0,0.0,Sao Tome & Principe,219159.0,1.91%,4103.0,228.0,960.0,-1680.0,4.4,19,74%,0.00%
187,287,,Andorra,42.5063,1.5218,2020-01-29,0.0,0.0,Samoa,198414.0,0.67%,1317.0,70.0,2830.0,-2803.0,3.9,22,18%,0.00%
188,288,,Andorra,42.5063,1.5218,2020-01-30,0.0,0.0,Saint Lucia,183627.0,0.46%,837.0,301.0,610.0,0.0,1.4,34,19%,0.00%
189,289,,Andorra,42.5063,1.5218,2020-01-31,0.0,0.0,Channel Islands,173863.0,0.93%,1604.0,915.0,190.0,1351.0,1.5,43,30%,0.00%
190,290,,Andorra,42.5063,1.5218,2020-02-01,0.0,0.0,Guam,168775.0,0.89%,1481.0,313.0,540.0,-506.0,2.3,31,95%,0.00%
191,291,,Andorra,42.5063,1.5218,2020-02-02,0.0,0.0,Curaçao,164093.0,0.41%,669.0,370.0,444.0,515.0,1.8,42,89%,0.00%
192,292,,Andorra,42.5063,1.5218,2020-02-03,0.0,0.0,Kiribati,119449.0,1.57%,1843.0,147.0,810.0,-800.0,3.6,23,57%,0.00%
193,293,,Andorra,42.5063,1.5218,2020-02-04,0.0,0.0,Micronesia,115023.0,1.06%,1208.0,164.0,700.0,-600.0,3.1,24,21%,0.00%
194,294,,Andorra,42.5063,1.5218,2020-02-05,0.0,0.0,Grenada,112523.0,0.46%,520.0,331.0,340.0,-200.0,2.1,32,35%,0.00%
195,295,,Andorra,42.5063,1.5218,2020-02-06,0.0,0.0,St. Vincent & Grenadines,110940.0,0.32%,351.0,284.0,390.0,-200.0,1.9,33,53%,0.00%
196,296,,Andorra,42.5063,1.5218,2020-02-07,0.0,0.0,Aruba,106766.0,0.43%,452.0,593.0,180.0,201.0,1.9,41,44%,0.00%
197,297,,Andorra,42.5063,1.5218,2020-02-08,0.0,0.0,Tonga,105695.0,1.15%,1201.0,147.0,720.0,-800.0,3.6,22,24%,0.00%
198,298,,Andorra,42.5063,1.5218,2020-02-09,0.0,0.0,U.S. Virgin Islands,104425.0,-0.15%,-153.0,298.0,350.0,-451.0,2,43,96%,0.00%
199,299,,Andorra,42.5063,1.5218,2020-02-10,0.0,0.0,Seychelles,98347.0,0.62%,608.0,214.0,460.0,-200.0,2.5,34,56%,0.00%
200,300,,Andorra,42.5063,1.5218,2020-02-11,0.0,0.0,Antigua and Barbuda,97929.0,0.84%,811.0,223.0,440.0,0.0,2,34,26%,0.00%
